,Unnamed: 0,Rating,Review Title,Review Body,Label,Combined,Sentiment
0,0,,Excellent,Goodüëç,0,excel good,positive
1,1,,Wonderful,Very good HD picture quality  of this TV and timely delivery and installation is very systematic process. Thanks for Flipkart & Samsung team related this item.,0,wonder good hd pictur qualiti tv time deliveri instal systemat process thank flipkart samsung team relat item,positive
2,2,,Great product,Nice TV in this price,0,great product nice tv price,positive
3,3,,Highly recommended,Absolutely value for money.,0,high recommend absolut valu,negative
4,4,,Terrific purchase,Good quality at this price. Picture quality is very good. Sound quality is also very good.,0,terrif purchas good qualiti price pictur qualiti good sound qualiti also good,positive
5,5,,Best in the market!,"I m using this tv for the past 10 days..I found that the following Image quality is good,Sound quality is good,Connectivity is good, Overall the product is good to use...Samsung is better than Mi, Redmi and Vu TVs Go for it....",0,best market use tv past daysi found follow imag qualiti goodsound qualiti goodconnect good overal product good usesamsung better mi redmi vu tvs go,positive
6,6,,Excellent,Nice product,0,excel nice product,positive
7,7,,Super!,Good product from samsung,0,super good product samsung,positive
8,8,,Value-for-money,"Value for money.. Pros: Picture quality and different picture modes.Sound quality is beyond expectations.Have all the necessary apps and you can also download them.Smooth interface, not too much lag.Cons:Casting: sometimes picture/video doesn't show while casting.Thick besels in 2020.Overall I would say it's a fantastic product from Samsung. Happy that I didn't buy the cheap Chinese alternatives. Go for it if 32 inch hd ready smart tv is your choice. Loved the product...",0,valueformi valu pros pictur qualiti differ pictur modessound qualiti beyond expectationshav necessari app also download themsmooth interfac much lagconscast sometim picturevideo doesnt show castingthick besel overal would say fantast product samsung happi didnt buy cheap chines altern go inch hd readi smart tv choic love product,positive
9,9,,Perfect product!,Excellent Quality! Excellent Services!,0,perfect product excel qualiti excel servic,positive
10,10,,Worth every penny,Satisfied. You can totally go for it.,0,worth everi penni satisfi total go,positive
11,11,,Terrific purchase,Most valuable and Worth Tv 1.video - superb2.sound - Amplifier sound superb,0,terrif purchas valuabl worth tv video superbsound amplifi sound superb,positive
12,12,,Brilliant,Good Products,0,brilliant good product,positive
13,13,,Best in the market!,Nice picture quality sound quality nice screen cast good üëçüòä must buy,0,best market nice pictur qualiti sound qualiti nice screen cast good must buy,positive
14,14,,Wonderful,"Nice tv within the budget. Sound quality is good, for picture quality I had to attach hdmi cable from set top box to tv. After that quality is pretty good.This tv did not come with a stand so I had only one option with the wall mount which I didn't like. Apart from that overall experience is good.",0,wonder nice tv within budget sound qualiti good pictur qualiti attach hdmi cabl set top box tv qualiti pretti goodthi tv come stand option wall mount didnt like apart overal experi good,positive
15,15,,Perfect product!,Awesome üëç,0,perfect product awesom,positive
16,16,,Terrific purchase,Good picture and sound quality. Good connectivity.,0,terrif purchas good pictur sound qualiti good connect,positive
17,17,,Must buy!,I also review after use 3 month. Such a all is best build quality and performance are great sound is very nice picture quality ousom in this price range. samsung brand is my favorite üòç I also use samsung smart phone from 3 years...so led is looking beautiful and look like a legendary in Off mode üòç... no any doubt please give for it....‚úåü§ó,0,must buy also review use month best build qualiti perform great sound nice pictur qualiti ousom price rang samsung brand favorit also use samsung smart ph yearsso led look beauti look like legendari mode doubt pleas give,positive
18,18,,Just wow!,osm,0,wow osm,negative
19,19,,Good choice,"Awesome tv in this price range.please note no Bluetooth and table stand .in case u want table stand then ask installation guy for it. U will get either stand or wall mount.Picture quality is great , sound is also good . Samsung TV plus is good addition.",0,good choic awesom tv price rangepleas note bluetooth tabl stand case u want tabl stand ask instal guy u get either stand wall mountpictur qualiti great sound also good samsung tv plus good addit,positive
20,20,,Just wow!,Great picture quality overall awesome tvSamsung best,0,wow great pictur qualiti overal awesom tvsamsung best,positive
21,21,,Brilliant,Very Good Picture Quality with a decent sound system. You can surely go for this product in this price range. Good delivery by Flipkart.,0,brilliant good pictur qualiti decent sound system sure go product price rang good deliveri flipkart,positive
22,22,,Awesome,Picture and sound quility Super. Awesome Samsung. ExpirenceIs Amazing. Thankyou Flipkart.,0,awesom pictur sound quiliti super awesom samsung expirencei amaz thankyou flipkart,positive
23,23,,Pretty good,When u receive it first thing u do.. just update the tv software.. Change the Sound preferences to amplify..For good picture quality u have to subscribe first HD channels on ur dish..or HD files input required..Normal tv channels burst on screen ..Wireless connectivity is awesome..Power consumption is a bit high as it's rated 2/5.,0,pretti good u receiv first thing u updat tv softwar chang sound prefer amplifyfor good pictur qualiti u subscrib first hd channel ur dishor hd file input requirednorm tv channel burst screen wireless connect awesomepow consumpt bit high rate,positive
24,24,,Great product,Awesome ...no one comparison to this one..I am totally impressed...thanku.samsung..  to make.. this type of television... Nice .. buy...it. don't think... About  to purchase to... Samsung... Nice... I will provide ..5 out 5....,0,great product awesom comparison total impressedthankusamsung make type televis nice buyit dont think purchas samsung nice provid,positive
25,25,,Fabulous!,Nice product from Samsung this my 2nd led tv it's awesome,0,fabul nice product samsung nd led tv awesom,positive
26,26,,Mind-blowing purchase,"I was in hurry to buy and I don't find any Bette deal like this. Samsung has trusted customer value so, I go for it. Actually there are so many options but price difference of 1k to 2k I don't want to take chance for chinese brand. So I opted for this and satisfied. My kid love it and it's compact size fits in my bedroom easily.",0,mindblow purchas hurri buy dont find bett deal like samsung trust custom valu go actual mani option price differ k k dont want take chanc chines brand opt satisfi kid love compact size fit bedroom easili,positive
27,27,,Mind-blowing purchase,I am using this tv from 6 months....picture quality and sound quality is awsm...screen mirrior work perfectly....I use screen mirrior for watching movie and listining music...very nice sound quality...I love this tv,0,mindblow purchas use tv monthspictur qualiti sound qualiti awsmscreen mirrior work perfectlyi use screen mirrior watch movi listin musicveri nice sound qualityi love tv,positive
28,28,,Brilliant,I am satisfied..Picture quality is awesome üòªüòéSound quality is good üôÇInstallation work very fastFlipkart service very good üôÇüëçThank u Flipkart üëè,0,brilliant satisfiedpictur qualiti awesom sound qualiti good instal work fastflipkart servic good thank u flipkart,positive
29,29,,Delightful,Very good üëç tv,0,delight good tv,positive
30,30,,Delightful,"overall is good compare to price, pictures quality is good but not hd intertnet options are also good it affordable and good",0,delight overal good compar price pictur qualiti good hd intertnet option also good afford good,positive
31,31,,Brilliant,Nice one at this price good Samsung üôèüôèüôèüôèMy first Samsung led tv üì∫ Befor I always use lg but this time Samsung I‚Äôm happy with Samsung led tv great job by Samsung and the Flipkart Thank you üôè Flipkart to deliver in this lockdown also little bit late but great work by Flipkart Good luck üòâ,0,brilliant nice price good samsung first samsung led tv befor alway use lg time samsung im happi samsung led tv great job samsung flipkart thank flipkart deliv lockdown also littl bit late great work flipkart good luck,positive
32,32,,Value-for-money,Nice smart tv for samsung with this price and installation also very fast within 24 hour's. Thnk uüòäüòä,0,valueformi nice smart tv samsung price instal also fast within hour thnk u,positive
33,33,,Worth the money,"Go for it Nice 32 inch tv by our old trusted brand SamsungSamsung make TV's from CRT edition to now QLEDAnd then Samsung service any where by their experts was goodOn last I want to say if any one want to buy tv remember this points:*Go for a trusted brand who gave good after sale service  because this was a tv not a mobile which we donot change after 2 or 3 years.*Check ratings from inside like picture, sound, connectivity.*Check online reviews ,video etc",0,worth go nice inch tv old trust brand samsungsamsung make tvs crt edit qledand samsung servic expert goodon last want say want buy tv rememb pointsgo trust brand gave good sale servic tv mobil donot chang yearscheck rate insid like pictur sound connectivitycheck onlin review video etc,positive
34,34,,Must buy!,Good,0,must buy good,positive
35,35,,Worth every penny,Really awesome tv best quality very good sound... Just go for it guys bcz its very bettet than mi TV.  Very low prize best quality tv great and tqq flipkart,0,worth everi penni realli awesom tv best qualiti good sound go guy bcz bettet mi tv low prize best qualiti tv great tqq flipkart,positive
36,36,,Wonderful,Excellent,0,wonder excel,negative
37,37,,Wonderful,"Sound quality not good , picture quality good ,  as this price very very good.",0,wonder sound qualiti good pictur qualiti good price good,positive
38,38,,Terrific,Good tv in this price. sound quality is also good üëçüëç,0,terrif good tv price sound qualiti also good,positive
39,39,,Just wow!,"Very nice samsung LED TV , good quality üíñ. Best sound quality.‚ù§Ô∏èQuick mobile support  and  good quality üòçSamsung sarvice is very good üòä. My choice five of one Always Samsung üòäüíñ‚ù§Ô∏è",0,wow nice samsung led tv good qualiti best sound qualityquick mobil support good qualiti samsung sarvic good choic five alway samsung,positive
40,40,,Excellent,Very good product also great service from Samsung. I am writing this after 15 days usage. It's a quality product and mirror playing and other connectivity is scoring good number.,0,excel good product also great servic samsung write day usag qualiti product mirror play connect score good number,positive
41,41,,Mind-blowing purchase,Awsm... value for money...good product....fast delivery...and services are fantastic.... thanks flipkart...‚ù§Ô∏èü§ò,0,mindblow purchas awsm valu mygood productfast deliveryand servic fantast thank flipkart,positive
42,42,,Fabulous!,"After watching 3-4 days on this led tv.. I found it good worth of money.. Picture quality is awesome and clear.. Sound is good and not need to connect any other speaker because the output of the TV speakers is enough to enjoy a loud sound experience. Connectivity options are good and quick.. Overall I will recommended it to buy  over Mi, realme and other similar brands..",0,fabul watch day led tv found good worth pictur qualiti awesom clear sound good need connect speaker output tv speaker enough enjoy loud sound experi connect option good quick overal recommend buy mi realm similar brand,positive
43,43,,Excellent,ü•∞ü•∞happy,0,excel happi,negative
44,44,,Best in the market!,Very good TVSound and picture quality is bestConnectivity is goodGood service of flipkart,0,best market good tvsound pictur qualiti bestconnect goodgood servic flipkart,positive
45,45,,Perfect product!,It is very nice üòòüòòand good colitis üéÜüéáüéÜüéâüéäüì∫üì∫üì∫,0,perfect product nice good coliti,positive
46,46,,Good quality product,"Awesome smart tv at this price sound quality and picture is super, connectivity also excellent it have all the smart tv apps just go for it, Best smart tv at this value.And filpkart packing is very good , thank you filpkart for your services.",0,good qualiti product awesom smart tv price sound qualiti pictur super connect also excel smart tv app go best smart tv valueand filpkart pack good thank filpkart servic,positive
47,47,,Very Good,"This is an initial impression. { just 2 days}Delivered before date, and installation done within 3 hrs which is very impressive.Pros1. Value for money2. Useful apps are pre-loaded3. Connectivity is good4. Picture quality is goodCons1. Table stand / walk mount not included in the box. But you have an option to select at the time of installation. Ideally we should get both, but you will get either. { DO NOT PAY ANYTHING FOR TABLE STAND OR WALL MOUNT, ITS FREE FROM SAMSUNG}2. Sound is...",0,good initi impress daysdeliv date instal within hrs impressivepro valu use app preload connect good pictur qualiti goodcon tabl stand walk mount includ box option select time instal ideal get get either pay anyth tabl stand wall mount free samsung sound,positive
48,48,,Wonderful,Good,0,wonder good,positive
49,49,,Good choice,Most amazing tv at amazing price. Right from placing the order to getting installation done everything was smooth. I would like to recommend this tv to everyone.,0,good choic amaz tv amaz price right place order get instal everyth smooth would like recommend tv everi,positive
50,50,,Really Nice,Nice and good,0,realli nice nice good,positive
51,51,,Nice product,Good,0,nice product good,positive
52,52,,Good quality product,"Good Television For Modern Time ,If You Want It Then Go Nd Buy It ,,,üëç",0,good qualiti product good televis modern time want go nd buy,positive
53,53,,Delightful,"Pros: Pricing - It comes at a lower price than even a standard smartphone. Picture - Picture quality is good. However, square pixels are clearly seen if looked closely. Sound - In a nutshell, ""Awesome"". Value for money. Pre-installed apps - It has Hotstar, Netflix, YouTube, etc.and few other similar apps built-in. Just switch on your internet and enjoy.Cons: Bluetooth - It lacks bluetooth connectivity which I feel is unbelievable.HD Ready only - Resolution is not that great. But keeping...",0,delight pros price come lower price even standard smartph pictur pictur qualiti good howev squar pixel clear seen look close sound nutshel awesom valu preinstal app hotstar netflix youtub etcand similar app builtin switch internet enjoycon bluetooth lack bluetooth connect feel unbelievablehd readi resolut great keep,positive
54,54,,Simply awesome,Nice tv. Picture and sound quality is good. But there is no table top stand in the box. You have to ask the technician for table top stand if you don't want wall mount. Table top stand is free of cost. Overall good product.,0,simpli awesom nice tv pictur sound qualiti good tabl top stand box ask technician tabl top stand dont want wall mount tabl top stand free cost overal good product,positive
55,55,,Nice product,"Review after 2weeks Am already using Mi 4a Pro for last one year,Comparing with Mi 32inch tv#picture clarity Mi is winner #for Audio clarity samsung is winner, really super soundComming to samsung tvPros Sound is far better than miFast boot and opening is fast - mi tv is delay in boot and switching, app openingUser friendly, helpful for old age peopleBuild is super ConsThick bizelsCable tv picture is not that good.. use set top box for better results",0,nice product review week alreadi use mi pro last yearcompar mi inch tvpictur clariti mi winner audio clariti samsung winner realli super soundcom samsung tvpros sound far better mifast boot open fast mi tv delay boot switch app openingus friend help old age peoplebuild super consthick bizelsc tv pictur good use set top box better result,positive
56,56,,Highly recommended,Good picture good product good sound amazing product thank you Flipkart good delivery,0,high recommend good pictur good product good sound amaz product thank flipkart good deliveri,positive
57,57,,Simply awesome,TV is very  good at price level all features is good but no headphone jack disney Hotstar apps is not available in the home application that's it thank you.,0,simpli awesom tv good price level featur good headph jack disney hotstar app avail home applic that thank,positive
58,58,,Awesome,I am fully satisfied with this product... Great picture quality..,0,awesom fulli satisfi product great pictur qualiti,positive
59,59,,Classy product,Overall good and excellent for this budget price. But one suggestion must send table stand with box,0,classi product overal good excel budget price suggest must send tabl stand box,positive
60,60,,Classy product,Nice TV at this price rang,0,classi product nice tv price rang,positive
61,61,,Value-for-money,Good,0,valueformi good,positive
62,62,,Simply awesome,All should buy this amazing product thanku flipkart ü•∞ü•∞üèÜ,0,simpli awesom buy amaz product thanku flipkart,positive
63,63,,Worth the money,Go through It !,0,worth go,negative
64,64,,Mind-blowing purchase,Connecting with pc is best ...... Netflix working very better and sound quality is also best .Hd support is very best .....1080 p with youtube is awesomeInstallation done in 2 days,0,mindblow purchas connect pc best netflix work better sound qualiti also best hd support best p youtub awesomeinstal day,positive
65,65,,Perfect product!,Nice product,0,perfect product nice product,positive
66,66,,Wonderful,"Samsung 32 inch smart tv is a good one to buy. Picture quality is very nice. When you are running via internet, bandwidth is the main priority. High bandwidth you can watch best picture. But i am dissatisfied with the sound. Although it has 20watt rms speakers, but sound is average. Bluetooth is unavailable in this model. I think in low budget its the best tv to buy.",0,wonder samsung inch smart tv good buy pictur qualiti nice run via internet bandwidth main prioriti high bandwidth watch best pictur dissatisfi sound although watt rms speaker sound averag bluetooth unavail model think low budget best tv buy,positive
67,67,,Awesome,Just outstanding performance.... Thanks flipkart. This product is very chif and just wow,0,awesom outstand perform thank flipkart product chif wow,positive
68,68,,Highly recommended,Nice LED Smart For Best,0,high recommend nice led smart best,positive
69,69,,Perfect product!,"Very good Tv, Nice picture quality but sound quality not good but overall good....Thank you Flipkart for fast delivery and installation, I'm satisfied for this üôèüëç",0,perfect product good tv nice pictur qualiti sound qualiti good overal goodthank flipkart fast deliveri instal im satisfi,positive
70,70,,Wonderful,Samsung HD led TV nice,0,wonder samsung hd led tv nice,positive
71,71,,Highly recommended,"Wow!!! I am very surprised about it. It is very awesome and nice picture quality and like of Full HD but it is HD. It is Ultra HD + HDR, Deep Colour (True beautiful Colour) I am extremely happy and mind blowing. Thank Flipkart Service. I already giving rating of 5/5 üî•.Picture/Sound/Connect or all are rating of 5/5 üî•üî•üî•",0,high recommend wow surpris awesom nice pictur qualiti like full hd hd ultra hd hdr deep colour true beauti colour extrem happi mind blow thank flipkart servic alreadi give rate picturesoundconnect rate,positive
72,72,,Wonderful,Awesome product by samsung.But installation process is slow this time.,0,wonder awesom product samsungbut instal process slow time,negative
73,73,,Worth every penny,"No laging, Sound quality is better than  others (in 20 w group),picture quality is good but not satisfied ,Value for money,in this price range this tv is better than other  Chinese brand like MI,realme ,one plus and  extras....!I give 4.2 stars.",0,worth everi penni lage sound qualiti better other w grouppictur qualiti good satisfi valu myin price rang tv better chines brand like mirealm plus extrasi give star,positive
74,74,,Great product,"Amazing product,i,am happy ????",0,great product amaz productiam happi,positive
75,75,,Terrific,Good,0,terrif good,positive
76,76,,Great product,Super,0,great product super,positive
77,77,,Good quality product,Very nice product üòäüëçFastest delivery üööInstallation and demo done by very next day üëçüëç,0,good qualiti product nice product fastest deliveri instal demo next day,positive
78,78,,Simply awesome,"Bazel less slim ,samsung is master of good disply  picture quality is really excellent, connectivity is also good .Really satisfied with the purchase also quick delivery by flipkart delivery partner.",0,simpli awesom bazel less slim samsung master good displi pictur qualiti realli excel connect also good realli satisfi purchas also quick deliveri flipkart deliveri partner,positive
79,79,,Terrific,Fabulous product üòòüòòThere is some delay  on product delivery...Overall the product is good and product quality is also good product delivery in good condition ...Fully satisfied with this product...Value of money....Thanks to flipkartüòò‚úåÔ∏è,0,terrif fabul product delay product deliveryoveral product good product qualiti also good product deliveri good condit fulli satisfi productvalu mythank flipkart,positive
80,80,,Pretty good,It is good product in reasonable price.,0,pretti good good product reason price,positive
81,81,,Good quality product,Sound quality is good. Display is super. They always maintain the quality. Value for money. As speaker given in bottom it is suitable for wall mounting only,0,good qualiti product sound qualiti good display super alway maintain qualiti valu speaker given bottom suitabl wall mount,positive
82,82,,Delightful,Nice tv,0,delight nice tv,positive
83,83,,Terrific,Amazing picture quality and superb connectivity.. sound good as well.. one flause I found is it does not have bluetooth.. sadly? overall good value for money...,0,terrif amaz pictur qualiti superb connect sound good well flaus found bluetooth sad overal good valu,negative
84,84,,Best in the market!,Picture quality so good...must buy...just go for it ü§ó,0,best market pictur qualiti goodmust buyjust go,positive
85,85,,Classy product,Verry good smart TV with this range.installation person come on given time but tv delivery is 3 days late on given time.overall tv is very good,0,classi product verri good smart tv rangeinstal person come given time tv deliveri day late given timeoveral tv good,positive
86,86,,Fabulous!,Nyc product,0,fabul nyc product,negative
87,87,,Worth every penny,Good pictures quality and good üëçsound quality...,0,worth everi penni good pictur qualiti good sound qualiti,positive
88,88,,Wonderful,Nice üëç,0,wonder nice,positive
89,89,,Highly recommended,Good üëç,0,high recommend good,positive
90,90,,Simply awesome,Very very good product good picture Colette,0,simpli awesom good product good pictur colett,positive
91,91,,Wonderful,"Picture quality awesome, sound quality very good. Don't purchase other brand. Samsung is best choice.",0,wonder pictur qualiti awesom sound qualiti good dont purchas brand samsung best choic,positive
92,92,,Excellent,Nice and awesome thank Flipkart for such a great deal thank u Samsung,0,excel nice awesom thank flipkart great deal thank u samsung,positive
93,93,,Classy product,Awesome product from samsung and negative is  less no of ports,0,classi product awesom product samsung negat less port,negative
94,94,,Pretty good,Worth,0,pretti good worth,positive
95,95,,Delightful,Looking nice. Writing this review after 3 days of buying. I have not connected wireless keyboard and mouse yet.,0,delight look nice write review day buy connect wireless keyboard mous yet,positive
96,96,,Simply awesome,Nice experience....value for money!!,0,simpli awesom nice experiencevalu,positive
97,97,,Wonderful,Fully Satisfied this Tv,0,wonder fulli satisfi tv,negative
98,98,,Perfect product!,Super design,0,perfect product super design,positive
99,99,,Awesome,Great Quality And Superfast Installation Service from Samsung,0,awesom great qualiti superfast instal servic samsung,positive
100,100,,Perfect product!,Good üëç,0,perfect product good,positive
101,101,,Wonderful,"Liked it hope i would like more in coming days ,,change my samsung 24 to samsung 32,, like samsung products",0,wonder like hope would like come day chang samsung samsung like samsung product,positive
102,102,,Wonderful,Fantastic,0,wonder fantast,negative
103,103,,Simply awesome,Deliverd on time but after 6 days of delivery no one of samsung service engineer has called me for installation flipcart customer care has also not able to help me In Other side tv is awesome picture quality and sound  is perfect,0,simpli awesom deliverd time day deliveri samsung servic engin call instal flipcart custom care also abl help side tv awesom pictur qualiti sound perfect,positive
104,104,,Fabulous!,"Good quality TV in low rangeFast deliveryFast and good installationVideo quality ,audio and other functions are really well",0,fabul good qualiti tv low rangefast deliveryfast good installationvideo qualiti audio function realli well,positive
105,105,,Awesome,Ok super quality TV,0,awesom ok super qualiti tv,negative
106,106,,Pretty good,Very good TV,0,pretti good good tv,positive
107,107,,Just wow!,It's a brand not chaina product picture quality absolutely perfect I will give it 110 out of 100 watching movie and enjoying this festive free times loving it,0,wow brand chaina product pictur qualiti absolut perfect give watch movi enjoy festiv free time love,positive
108,108,,Awesome,Nice product...thncx flipkart,0,awesom nice productthncx flipkart,positive
109,109,,Terrific purchase,Awesome products,0,terrif purchas awesom product,negative
110,110,,Perfect product!,Wow just awsm must buy,0,perfect product wow awsm must buy,positive
111,111,,Wonderful,Best picture quality and sound ...,0,wonder best pictur qualiti sound,positive
112,112,,Just wow!,Nice Tv,0,wow nice tv,positive
113,113,,Excellent,Lovely experience with my new Samsung led tv,0,excel love experi new samsung led tv,positive
114,114,,Must buy!,"Value for money...All spects meet perfectly.Good sound, visualization, connectivity.",0,must buy valu myall spect meet perfectlygood sound visual connect,negative
115,115,,Classy product,Nice,0,classi product nice,positive
116,116,,Does the job,How can I use home theater without HDMI port,0,job use home theater without hdmi port,negative
117,117,,Does the job,Best TV but there was no base stand in the box package.,0,job best tv base stand box packag,positive
118,118,,Fair,"I began having a problem with my Tv a month after I bought it. Whenever I changed channels there would be no picture for a couple of seconds. I thought it was the cable connection issue, and being Covid time just bore with it and did not call cable guys.  But it continued and later my cable guy tells me it a problematic TV set. I don't know who to contact, whether Flipkart or the TV company! Any lead/help would be most welcome.",0,fair began problem tv month bought whenev chang channel would pictur coupl second thought cabl connect issu covid time bore call cabl guy continu later cabl guy tell problemat tv set dont know contact whether flipkart tv compani leadhelp would welcom,negative
119,119,,BEST TV IN THIS RANGE,"I don't have any pics right now, but believe me its far better than any android tv.it has very good sound quality comparatively.go for samsung dont buy any local brand so called android tvs.I have separately purchased android box,as i was aware of this tv is running on Tizen os,but believe me almost never used that android box ,because it has almost all apps with full updates and support.One most valuable feature I have found in this tv is it has pre installed SAMSUNG IP TV which has alm...",0,best tv rang dont pic right believ far better android tvit good sound qualiti comparativelygo samsung dont buy local brand call android tvsi separ purchas android boxa awar tv run tizen osbut believ almost never use android box almost app full updat supporton valuabl featur found tv pre instal samsung ip tv alm,positive
120,120,,Wonderful,Led Was Good one Thing Missing Bluetooth . Over all Good Sound was good ... Price was Good,0,wonder led good thing miss bluetooth good sound good price good,positive
121,121,,Really Nice,"Tv is good, installation done after 2 days of receipt. Sound is nice and screen is also bright. But, installation guy was asking for money when the cost was free for this TV. I told him the same, he said people gives, company should take care of this thing.",0,realli nice tv good instal day receipt sound nice screen also bright instal guy ask cost free tv told said peopl give compani take care thing,positive
122,122,,Wonderful,Value for money,0,wonder valu,negative
123,123,,Worth the money,Happy with this product,0,worth happi product,positive
124,124,,Really Nice,Overall it is a good product but it have to some improvement in sound system .,0,realli nice overal good product improv sound system,positive
125,125,,Very Good,Nice product .Sound quality is best.Picture quality perfect,0,good nice product sound qualiti bestpictur qualiti perfect,positive
126,126,,Excellent,It's better than OnePlus and Xiaomi Android TV itsPicture quality is so good  Volume is also so good ...,0,excel better oneplus xiaomi android tv itspictur qualiti good volum also good,positive
127,127,,Wonderful,The tv is nice and all. The problem tho is that it does not have bluetooth connectivity. I mean waht could have been so difficult in adding bt capability. Also the speaker are a bit low in volume. Everything else is superb.,0,wonder tv nice problem tho bluetooth connect mean waht could difficult ad bt capabl also speaker bit low volum everyth els superb,negative
128,128,,Must buy!,"Good, Must Buy",0,must buy good must buy,negative
129,129,,Simply awesome,I really love the product üíùService is also good,0,simpli awesom realli love product servic also good,positive
130,130,,Just wow!,Nice and super installation was done at next day very nice,0,wow nice super instal next day nice,positive
131,131,,Fabulous!,Delivery Was on time tv is just good Exallent view Angle Super connectivity,0,fabul deliveri time tv good exal view angl super connect,positive
132,132,,Excellent,Worth for money....I am so happy...It's my first T.V.,0,excel worth myi happyit first tv,positive
133,133,,Perfect product!,Nice,0,perfect product nice,positive
134,134,,Worth every penny,"Amazing picture, superb sound quality, worth buying this smart TV.",0,worth everi penni amaz pictur superb sound qualiti worth buy smart tv,positive
135,135,,Highly recommended,Fabules purchase....value for money tq samsung and flipkartüíêüíê,0,high recommend fabul purchasevalu tq samsung flipkart,negative
136,136,,Just wow!,Able to play Ultra HD Content.Very good product as well as value for money product.,0,wow abl play ultra hd contentveri good product well valu product,positive
137,137,,Classy product,This ie good TV ad per picture sound and smart and built quality super..run on TIZON os..Netflix zee5 YouTube amazon prime voot hotstar many favrt apps are playing smooth..and many apps is store but not range of google tv..buy normal tv remote versions of this model..qs well you save some money alao is in vereaint of normal remote..and remote is very good build quality.. as installation wall mount is free..its dont come with box..fast smooth experience is running the tv..as I compare to andro...,0,classi product ie good tv ad per pictur sound smart built qualiti superrun tizon osnetflix zee youtub amazon prime voot hotstar mani favrt app play smoothand mani app store rang googl tvbuy normal tv remot version modelq well save alao vereaint normal remoteand remot good build qualiti instal wall mount freeit dont come boxfast smooth experi run tvas compar andro,positive
138,138,,Highly recommended,Best tv üëåüèªüëåüèªüëåüèª,0,high recommend best tv,positive
139,139,,Perfect product!,Good tv economic pricing. Installation good in covid times.,0,perfect product good tv econom price instal good covid time,positive
140,140,,Super!,Nice itemüëå,0,super nice item,positive
141,141,,Wonderful,Must buy,0,wonder must buy,negative
142,142,,Excellent,Very nice product sound quality & hd good,0,excel nice product sound qualiti hd good,positive
143,143,,Classy product,Awesome,0,classi product awesom,negative
144,144,,Simply awesome,Superb quality,0,simpli awesom superb qualiti,positive
145,145,,Really Nice,good LEDüëçüëçüëçsound bass good nicc pasa vasul,0,realli nice good ledsound bass good nicc pasa vasul,positive
146,146,,Must buy!,Very good smart led tv..osammm picture quality amazing sound quality.. Samsung is best choice in other brand's,0,must buy good smart led tvosammm pictur qualiti amaz sound qualiti samsung best choic brand,positive
147,147,,Terrific purchase,Excellent picture quality.  Delivery was on next day. Installation was also done on the same day by a professional guy from Samsung. Sound is also very good. Wide viewing angle. Trust on samsung is really worthy. Also thanks to Flipkart for a very smooth experience.,0,terrif purchas excel pictur qualiti deliveri next day instal also day profession guy samsung sound also good wide view angl trust samsung realli worthi also thank flipkart smooth experi,positive
148,148,,Simply awesome,Good product. Value of money. Thank you flipkart and Samsung. The delivery agents and Samsung service engineers are helped us alot.,0,simpli awesom good product valu thank flipkart samsung deliveri agent samsung servic engin help us alot,positive
149,149,,Awesome,Delivered in one day.. Installed within 48hours as expected.. Picture and sound quality are very good.. I am using samsung products from the last 10years.. But never bought from flipkart until now and i am happy with this purchase.. If u are looking for smart tv you can buy this one without any hesitation..,0,awesom deliv day instal within hour expect pictur sound qualiti good use samsung product last year never bought flipkart happi purchas u look smart tv buy without hesit,positive
